34609339,sk-watermark-image-generator-5.0.3.1-SNAPSHOT20240906013104.noarch.rpm
34609335,sk-test-sp-5.0.3.1-SNAPSHOT20240906013104.noarch.rpm
34609334,sk-test-rp-5.0.3.1-SNAPSHOT20240906013104.noarch.rpm
34609333,sk-test-idp-5.0.3.1-SNAPSHOT20240906013104.noarch.rpm
34609338,sk-report-generator-5.0.3.1-SNAPSHOT20240906013104.noarch.rpm
34609329,sk-report-db-manager-5.0.3.1-SNAPSHOT20240906013104.noarch.rpm
34609328,sk-report-db-archiver-5.0.3.1-SNAPSHOT20240906013104.noarch.rpm
34609337,sk-metadata-validator-5.0.3.1-SNAPSHOT20240906013104.noarch.rpm
34609330,sk-logging-message-processor-5.0.3.1-SNAPSHOT20240906013104.noarch.rpm
34609331,sk-exchange-content-default-5.0.3.1-SNAPSHOT20240906013104.noarch.rpm
34609332,sk-exchange-content-custom-5.0.3.1-SNAPSHOT20240906013104.noarch.rpm
34499924,sk-excc-content-5.0.3.0.3-SNAPSHOT20240904201529.noarch.rpm
34499923,sk-excc-content-5.0.3.0.3-SNAPSHOT20240904200135.noarch.rpm
34355751,sk-excc-content-5.0.3.0.3-SNAPSHOT20240904005539.noarch.rpm
34609326,sk-cookie-broker-5.0.3.1-SNAPSHOT20240906013104.noarch.rpm
34609325,sk-cloud-gateway-server-5.0.3.1-SNAPSHOT20240906013104.noarch.rpm
34609324,sk-cloud-discovery-server-5.0.3.1-SNAPSHOT20240906013104.noarch.rpm
34609323,sk-cloud-config-server-5.0.3.1-SNAPSHOT20240906013104.noarch.rpm
34609322,sk-cloud-admin-server-5.0.3.1-SNAPSHOT20240906013104.noarch.rpm
34609327,sk-broker-db-manager-5.0.3.1-SNAPSHOT20240906013104.noarch.rpm
34609321,sk-broker-5.0.3.1-SNAPSHOT20240906013104.noarch.rpm
34609336,sk-admin-tool-5.0.3.1-SNAPSHOT20240906013104.noarch.rpm